﻿"INDICATOR_CODE","INDICATOR_NAME","SOURCE_NOTE","SOURCE_ORGANIZATION",
"SH.STA.MMRT","Maternal mortality ratio (modeled estimate, per 100,000 live births)","Maternal mortality ratio is the number of women who die from pregnancy-related causes while pregnant or within 42 days of pregnancy termination per 100,000 live births. The data are estimated with a regression model using information on the proportion of maternal deaths among non-AIDS deaths in women ages 15-49, fertility, birth attendants, and GDP measured using purchasing power parities (PPPs).","Trends in Maternal Mortality, World Health Organization (WHO), uri: https://www.who.int/news/item/23-02-2023-a-woman-dies-every-two-minutes-due-to-pregnancy-or-childbirth--un-agencies;
UN Children's Fund (UNICEF), note: Trends in Maternal Mortality;
UN Population Fund (UNFPA), note: Trends in Maternal Mortality;
World Bank Group (WBG), note: Trends in Maternal Mortality",
